{"Baseline\n(A=0.1, E=0.1)": 13.957051753997803, "Alpha = 0.01": 52.3449866771698, "Alpha = 0.001": 73.43021821975708, "Alpha = 0.2": 10.175641536712646, "Epsilon = 0.2": 13.328814029693604, "Epsilon = 0.3": 14.777009010314941}